url,title,description,downloaded_at,status,transcribed,duration_seconds,category,tags,topics,file_path,posted_at
https://locals.com/scottadams/feed?post=6668261,My Covid Shot risk analysis,This will make all of you angry. But I had to do it.,2026-03-16T23:51:29.899711+00:00,downloaded,0,,Micro Lessons,,,./downloads\My Covid Shot risk analysis.mp4,
https://locals.com/scottadams/feed?post=6174678,Micro Lesson on curing loneliness,You can share this one outside of Locals.,2026-03-17T00:07:46.010434+00:00,downloaded,0,,Micro Lessons,,,./downloads\Micro Lesson on curing loneliness.mp4,
https://locals.com/scottadams/feed?post=6132990,Micro Lesson on Media Training,"If you plan to be interviewed by the press, or want to understand what you are seeing on the news, this is for you.",2026-03-17T00:24:05.513230+00:00,downloaded,0,,Micro Lessons,,,./downloads\Micro Lesson on Media Training.mp4,
https://locals.com/scottadams/feed?post=5977293,"Micro Lesson on ""I get to...""",Locals makes it simple for creators to start a subscription based community and make money directly from their supports.,2026-03-17T00:40:25.989088+00:00,downloaded,0,,Micro Lessons,,,./downloads\Micro Lesson on _I get to..._.mp4,
https://locals.com/scottadams/feed?post=5933551,Micro Lesson on the persuasion ethics stack,These Micro Lessons are normally only for my Locals subscribers but they asked me to share this one.,2026-03-17T00:56:47.517537+00:00,downloaded,0,,Micro Lessons,,,./downloads\Micro Lesson on the persuasion ethics stack.mp4,
https://locals.com/scottadams/feed?post=5924409,Micro Lesson on the human machine,Locals makes it simple for creators to start a subscription based community and make money directly from their supports.,2026-03-17T01:13:04.991786+00:00,downloaded,0,,Micro Lessons,,,./downloads\Micro Lesson on the human machine.mp4,
https://locals.com/scottadams/feed?post=5917679,Micro Lesson on brainwashing and politics,I explain the different brainwashing methods on the political left versus right.,2026-03-17T01:21:09.330126+00:00,downloaded,0,,Micro Lessons,,,./downloads\Micro Lesson on brainwashing and politics.mp4,
https://locals.com/scottadams/feed?post=5856133,Micro Lesson on being smart about America’s debt,#MicroLesson,2026-03-17T01:37:27.504079+00:00,downloaded,0,,Micro Lessons,,,./downloads\Micro Lesson on being smart about America’s debt.mp4,
https://locals.com/scottadams/feed?post=5856119,Micro Lesson on Persuasion Timing,#MicroLesson,2026-03-17T01:53:36.395443+00:00,downloaded,0,,Micro Lessons,,,./downloads\Micro Lesson on Persuasion Timing.mp4,
https://locals.com/scottadams/feed?post=5806944,Micro Lesson on Judging Yourself by your Future,#MicroLesson,2026-03-17T02:09:50.117835+00:00,downloaded,0,,Micro Lessons,,,./downloads\Micro Lesson on Judging Yourself by your Future.mp4,
https://locals.com/scottadams/feed?post=5751847,Micro Lesson on single parents and poverty,Locals makes it simple for creators to start a subscription based community and make money directly from their supports.,2026-03-17T02:25:59.163682+00:00,downloaded,0,,Micro Lessons,,,./downloads\Micro Lesson on single parents and poverty.mp4,
https://locals.com/scottadams/feed?post=5732989,Micro Lesson on fake equals real,Locals makes it simple for creators to start a subscription based community and make money directly from their supports.,2026-03-17T02:42:16.650245+00:00,downloaded,0,,Micro Lessons,,,./downloads\Micro Lesson on fake equals real.mp4,
https://locals.com/scottadams/feed?post=5706753,Micro Lesson on Underdoing Exercise,Locals makes it simple for creators to start a subscription based community and make money directly from their supports.,2026-03-17T02:58:34.622902+00:00,downloaded,0,,Micro Lessons,,,./downloads\Micro Lesson on Underdoing Exercise.mp4,
https://locals.com/scottadams/feed?post=5702825,Micro Lesson on weed,You asked for it!,2026-03-17T03:15:01.887588+00:00,downloaded,0,,Micro Lessons,,,./downloads\Micro Lesson on weed.mp4,
https://locals.com/scottadams/feed?post=5664662,Micro Lesson on Identity persuasion,Identity > reasons,2026-03-17T03:31:10.083593+00:00,downloaded,0,,Micro Lessons,,,./downloads\Micro Lesson on Identity persuasion.mp4,
https://locals.com/scottadams/feed?post=5641973,"Micro Lesson on how to ""Get Out!"" of your head",Do you have recurring negative thoughts about the past or the future? This reframe teaches you how to quickly escape them.,2026-03-17T03:47:26.689939+00:00,downloaded,0,,Micro Lessons,,,./downloads\Micro Lesson on how to _Get Out!_ of your head.mp4,
https://locals.com/scottadams/feed?post=5614391,Micro Lesson on the Great Filters of life,Includes the Dopamine Chase filter,2026-03-17T04:03:46.291165+00:00,downloaded,0,,Micro Lessons,,,./downloads\Micro Lesson on the Great Filters of life.mp4,
https://locals.com/scottadams/feed?post=5595417,Micro Lesson on how weird you are,Ever wonder how weird you are? I can tell you.,2026-03-17T04:36:09.636671+00:00,downloaded,0,,Micro Lessons,,,./downloads\Micro Lesson on how weird you are.mp4,
https://locals.com/scottadams/feed?post=5555373,Micro Lesson on mental health,Locals makes it simple for creators to start a subscription based community and make money directly from their supports.,2026-03-17T04:52:33.940231+00:00,downloaded,0,,Micro Lessons,,,./downloads\Micro Lesson on mental health.mp4,
https://locals.com/scottadams/feed?post=5531359,Micro Lesson on free will versus authoring,You asked for this in a micro lesson and here it is.,2026-03-17T05:08:55.306660+00:00,downloaded,0,,Micro Lessons,,,./downloads\Micro Lesson on free will versus authoring.mp4,
https://locals.com/scottadams/feed?post=5527282,Micro Lesson on Mind-reading Persuasion,Locals makes it simple for creators to start a subscription based community and make money directly from their supports.,2026-03-17T05:25:07.428135+00:00,downloaded,0,,Micro Lessons,,,./downloads\Micro Lesson on Mind-reading Persuasion.mp4,
https://locals.com/scottadams/feed?post=5503491,Micro Lesson on The Blob running the country,Locals makes it simple for creators to start a subscription based community and make money directly from their supports.,2026-03-17T05:41:34.405668+00:00,downloaded,0,,Micro Lessons,,,./downloads\Micro Lesson on The Blob running the country.mp4,
https://locals.com/scottadams/feed?post=5503470,Micro Lesson on willpower versus systems,Locals makes it simple for creators to start a subscription based community and make money directly from their supports.,2026-03-17T05:57:58.780226+00:00,downloaded,0,,Micro Lessons,,,./downloads\Micro Lesson on willpower versus systems.mp4,
https://locals.com/scottadams/feed?post=5486739,Micro Lesson on SPECIFICALLY how to make eye contact,Which eye do you look at?,2026-03-17T06:14:15.624326+00:00,downloaded,0,,Micro Lessons,,,./downloads\Micro Lesson on SPECIFICALLY how to make eye contact.mp4,
https://locals.com/scottadams/feed?post=5479984,Micro Lesson on how to end a conversation,Locals makes it simple for creators to start a subscription based community and make money directly from their supports.,2026-03-17T06:30:31.815417+00:00,downloaded,0,,Micro Lessons,,,./downloads\Micro Lesson on how to end a conversation.mp4,
https://locals.com/scottadams/feed?post=5471386,Micro Lesson on eye contact,You asked for this one. Should make a huge difference to some of you.,2026-03-17T06:46:48.634350+00:00,downloaded,0,,Micro Lessons,,,./downloads\Micro Lesson on eye contact.mp4,
https://locals.com/scottadams/feed?post=5434867,Micro Lesson on reframing exercise,"Reframe exercise as a source of energy, not a use.",2026-03-17T07:03:00.412709+00:00,downloaded,0,,Micro Lessons,,,./downloads\Micro Lesson on reframing exercise.mp4,
https://locals.com/scottadams/feed?post=5427893,Micro Lesson on Manners -- a reframe,#MicroLesson,2026-03-17T07:19:20.328006+00:00,downloaded,0,,Micro Lessons,,,./downloads\Micro Lesson on Manners -- a reframe.mp4,
https://locals.com/scottadams/feed?post=5359578,The Six Levels of Political Awareness,"The Six Levels of Political Awareness
Which level are you?",2026-03-17T07:35:54.143444+00:00,downloaded,0,,Micro Lessons,,,./downloads\The Six Levels of Political Awareness.mp4,
https://locals.com/scottadams/feed?post=4983548,Micro Lesson -- Summoning The Executive,#MicroLesson,2026-03-17T07:52:21.907067+00:00,downloaded,0,,Micro Lessons,,,./downloads\Micro Lesson -- Summoning The Executive.mp4,
https://locals.com/scottadams/feed?post=4707759,Whiteboard EXCERPT From Episode 2258,Whiteboard EXCERPT From Episode 2258,2026-03-17T08:08:44.149939+00:00,downloaded,0,,Micro Lessons,,,./downloads\Whiteboard EXCERPT From Episode 2258.mp4,
https://locals.com/scottadams/feed?post=4627423,"Episode 2241 EXTRACT - Beyond Intersectionality, Micro Lesson",Beyond Intersectionality Micro Lesson,2026-03-17T08:25:38.633783+00:00,downloaded,0,,Micro Lessons,,,"./downloads\Episode 2241 EXTRACT - Beyond Intersectionality, Micro Lesson.mp4",
https://locals.com/scottadams/feed?post=4524301,Episode 2219 Micro-Lesson EXCERPT: U.S. Political System,"Content:
GOP Bubble-Up Hoaxes
U.S. Political System",2026-03-17T08:42:30.387094+00:00,downloaded,0,,Micro Lessons,,,./downloads\Episode 2219 Micro-Lesson EXCERPT_ U.S. Political System.mp4,
https://locals.com/scottadams/feed?post=4441474,A Micro Lesson on words creating reality,Length: 9 minutes,2026-03-17T08:59:05.346849+00:00,downloaded,0,,Micro Lessons,,,./downloads\A Micro Lesson on words creating reality.mp4,
https://locals.com/scottadams/feed?post=4291375,Micro Lesson on making yourself feel better,This is an important one. Could easily change your life.,2026-03-17T09:15:19.870329+00:00,downloaded,0,,Micro Lessons,,,./downloads\Micro Lesson on making yourself feel better.mp4,
https://locals.com/scottadams/feed?post=4269713,Micro Lesson on dopamine and social life,This one could change your life in under 2 minutes.,2026-03-17T09:31:33.806162+00:00,downloaded,0,,Micro Lessons,,,./downloads\Micro Lesson on dopamine and social life.mp4,
https://locals.com/scottadams/feed?post=4237882,Episode 2158 EXCERPT: American Success,"Micro Lesson
Episode 2158 EXCERPT: American Success, Whiteboard",2026-03-17T09:48:12.242214+00:00,downloaded,0,,Micro Lessons,,,./downloads\Episode 2158 EXCERPT_ American Success.mp4,
https://locals.com/scottadams/feed?post=4044946,Micro Lesson on detecting lies,I got one of these tips from the TV series Rabbit Hole.,2026-03-17T10:04:23.286375+00:00,downloaded,0,,Micro Lessons,,,./downloads\Micro Lesson on detecting lies.mp4,
https://locals.com/scottadams/feed?post=3723674,Micro Lesson on finding and loving yourself,Locals makes it simple for creators to start a subscription based community and make money directly from their supports.,2026-03-17T10:20:35.149761+00:00,downloaded,0,,Micro Lessons,,,./downloads\Micro Lesson on finding and loving yourself.mp4,
https://locals.com/scottadams/feed?post=3712009,"Micro Lesson on solving ""problems"" with a reframe",Locals makes it simple for creators to start a subscription based community and make money directly from their supports.,2026-03-17T10:36:47.126588+00:00,downloaded,0,,Micro Lessons,,,./downloads\Micro Lesson on solving _problems_ with a reframe.mp4,
https://locals.com/scottadams/feed?post=3694113,Micro Lesson on business contracts,Two quick rules to follow.,2026-03-17T10:52:59.014356+00:00,downloaded,0,,Micro Lessons,,,./downloads\Micro Lesson on business contracts.mp4,
https://locals.com/scottadams/feed?post=3686533,Micro Lesson on Micro Dieting,This is my system for always dieting while never dieting.,2026-03-17T11:09:12.629904+00:00,downloaded,0,,Micro Lessons,,,./downloads\Micro Lesson on Micro Dieting.mp4,
https://locals.com/scottadams/feed?post=3664133,My dog Snickers uses the transporter,I'm teaching Snickers how to use the transporter to beam from one floor of my house to another.,2026-03-17T11:25:21.932096+00:00,downloaded,0,,Micro Lessons,,,./downloads\My dog Snickers uses the transporter.mp4,
https://locals.com/scottadams/feed?post=3663805,EPISODE 2045 EXCERPT - Reframing Race,"Reframing race to fix everything, for everybody
An excerpt from Episode 2045
Screenshot of the whiteboard is posted below (separately)",2026-03-17T11:42:09.723556+00:00,downloaded,0,,Micro Lessons,,,./downloads\EPISODE 2045 EXCERPT - Reframing Race.mp4,
https://locals.com/scottadams/feed?post=3660171,Micro Lesson on proper lighting,Locals makes it simple for creators to start a subscription based community and make money directly from their supports.,2026-03-17T11:58:26.816023+00:00,downloaded,0,,Micro Lessons,,,./downloads\Micro Lesson on proper lighting.mp4,
https://locals.com/scottadams/feed?post=3660090,Micro Lesson on being happier and less bored,Locals makes it simple for creators to start a subscription based community and make money directly from their supports.,2026-03-17T12:17:22.721012+00:00,downloaded,0,,Micro Lessons,,,./downloads\Micro Lesson on being happier and less bored.mp4,
https://locals.com/scottadams/feed?post=3659486,Micro Lesson on breathing and posture when bored,Locals makes it simple for creators to start a subscription based community and make money directly from their supports.,2026-03-17T12:33:36.852313+00:00,downloaded,0,,Micro Lessons,,,./downloads\Micro Lesson on breathing and posture when bored.mp4,
https://locals.com/scottadams/feed?post=3643113,Micro Lesson on removing emotion from a negotiation,Have you ever been nervous about offending someone in a business setting by asking for too much or by saying no? This Micro Lesson is for you.,2026-03-17T12:49:54.814933+00:00,downloaded,0,,Micro Lessons,,,./downloads\Micro Lesson on removing emotion from a negotiation.mp4,
https://locals.com/scottadams/feed?post=3564587,Micro Lesson on AI now and soon,Locals makes it simple for creators to start a subscription based community and make money directly from their supports.,2026-03-17T13:06:10.016774+00:00,downloaded,0,,Micro Lessons,,,./downloads\Micro Lesson on AI now and soon.mp4,
https://locals.com/scottadams/feed?post=3488138,Episode 2012 EXCERPT - Predictions and Forecasts,Episode 2012 EXCERPT - Predictions and Forecasts,2026-03-17T13:22:46.142436+00:00,downloaded,0,,Micro Lessons,,,./downloads\Episode 2012 EXCERPT - Predictions and Forecasts.mp4,
https://locals.com/scottadams/feed?post=3488100,Episode 2012 EXCERPT - 7 Tells For Cognitive Dissonance,Episode 2012 EXCERPT - 7 Tells For Cognitive Dissonance,2026-03-17T13:43:30.425898+00:00,downloaded,0,,Micro Lessons,,,./downloads\Episode 2012 EXCERPT - 7 Tells For Cognitive Dissonance.mp4,
https://locals.com/scottadams/feed?post=3483439,A Micro Lesson on talking sexy like a hypnotist,Locals makes it simple for creators to start a subscription based community and make money directly from their supports.,2026-03-17T13:50:05.280806+00:00,downloaded,0,,Micro Lessons,,,./downloads\A Micro Lesson on talking sexy like a hypnotist.mp4,
https://locals.com/scottadams/feed?post=3456598,A Micro Lesson on Solar energy economics,I recently saw some smart people say solar power will never be economical. They might be right. But this is the way to analyze it.,2026-03-17T13:56:14.544869+00:00,downloaded,0,,Micro Lessons,,,./downloads\A Micro Lesson on Solar energy economics.mp4,
https://locals.com/scottadams/feed?post=3344189,A Micro Lesson on learning something new,Locals makes it simple for creators to start a subscription based community and make money directly from their supports.,2026-03-17T14:02:15.265952+00:00,downloaded,0,,Micro Lessons,,,./downloads\A Micro Lesson on learning something new.mp4,
https://locals.com/scottadams/feed?post=3284171,A Micro Lesson on how practice works,Locals makes it simple for creators to start a subscription based community and make money directly from their supports.,2026-03-17T14:08:29.614000+00:00,downloaded,0,,Micro Lessons,,,./downloads\A Micro Lesson on how practice works.mp4,
https://locals.com/scottadams/feed?post=3223941,A Micro Lesson on reframing the coldness,You didn't believe I could cure the common sneeze. You won't believe I can cure your sensation of coldness either.,2026-03-17T14:14:33.818933+00:00,downloaded,0,,Micro Lessons,,,./downloads\A Micro Lesson on reframing the coldness.mp4,
https://locals.com/scottadams/feed?post=3133668,Micro Lesson on gamifying boring chores,Locals makes it simple for creators to start a subscription based community and make money directly from their supports.,2026-03-17T14:20:39.859023+00:00,downloaded,0,,Micro Lessons,,,./downloads\Micro Lesson on gamifying boring chores.mp4,
https://locals.com/scottadams/feed?post=3123614,Micro Lesson on picking the best filter on reality,Locals makes it simple for creators to start a subscription based community and make money directly from their supports.,2026-03-17T14:26:47.388565+00:00,downloaded,0,,Micro Lessons,,,./downloads\Micro Lesson on picking the best filter on reality.mp4,
https://locals.com/scottadams/feed?post=3078683,Micro Lesson on not trusting meta studies,Locals makes it simple for creators to start a subscription based community and make money directly from their supports.,2026-03-17T14:32:54.494486+00:00,downloaded,0,,Micro Lessons,,,./downloads\Micro Lesson on not trusting meta studies.mp4,
https://locals.com/scottadams/feed?post=3015957,Micro Lesson on Psychological Blindness and magic tricks,Locals makes it simple for creators to start a subscription based community and make money directly from their supports.,2026-03-17T14:39:15.609900+00:00,downloaded,0,,Micro Lessons,,,./downloads\Micro Lesson on Psychological Blindness and magic tricks.mp4,
https://locals.com/scottadams/feed?post=2963213,Micro lesson on air fryers,Locals makes it simple for creators to start a subscription based community and make money directly from their supports.,2026-03-17T14:45:22.004266+00:00,downloaded,0,,Micro Lessons,,,./downloads\Micro lesson on air fryers.mp4,
https://locals.com/scottadams/feed?post=2918802,A Micro Lesson on fixing everything,Everything seems broken. Here is how to fix it.,2026-03-17T14:51:30.667273+00:00,downloaded,0,,Micro Lessons,,,./downloads\A Micro Lesson on fixing everything.mp4,
https://locals.com/scottadams/feed?post=2890658,How to twirl a drumstick,This isn’t quite important enough to be a micro lesson but you might like seeing how this is done. I do it poorly because I only learned the trick yesterday. It’s a little bit harder than it looks. But you could all do it after about five minutes of practice,2026-03-17T14:57:45.332703+00:00,downloaded,0,,Micro Lessons,,,./downloads\How to twirl a drumstick.mp4,
https://locals.com/scottadams/feed?post=2867609,Micro Lesson on Survivor's Guilt,Locals makes it simple for creators to start a subscription based community and make money directly from their supports.,2026-03-17T15:03:57.964030+00:00,downloaded,0,,Micro Lessons,,,./downloads\Micro Lesson on Survivor's Guilt.mp4,
https://locals.com/scottadams/feed?post=2766030,Micro Lesson on making money without money,"As you already know, it takes money to make money. I show you how to make money without money.",2026-03-17T15:10:02.761200+00:00,downloaded,0,,Micro Lessons,,,./downloads\Micro Lesson on making money without money.mp4,
https://locals.com/scottadams/feed?post=2766008,Micro Lesson on making money from nothing,They say it takes money to make money. That’s true. But I will teach you how to make money without money.,2026-03-17T15:16:09.002707+00:00,downloaded,0,,Micro Lessons,,,./downloads\Micro Lesson on making money from nothing.mp4,
https://locals.com/scottadams/feed?post=2660365,Micro Lesson on curing social anxiety,Do you get anxious when thinking about interacting with a group of people you don't know well? Here are some reframes to help you own the party/event/meeting.,2026-03-17T15:22:27.749015+00:00,downloaded,0,,Micro Lessons,,,./downloads\Micro Lesson on curing social anxiety.mp4,
https://locals.com/scottadams/feed?post=2582509,Micro lesson on portion control and diet,This is a trick I learned from a dog trainer. Works on people too.,2026-03-17T15:28:35.882514+00:00,downloaded,0,,Micro Lessons,,,./downloads\Micro lesson on portion control and diet.mp4,
https://locals.com/scottadams/feed?post=2387926,A Micro Lesson on your Value versus your Usefulness,This is one of the most valuable lessons you could ever learn.,2026-03-17T15:40:50.194094+00:00,downloaded,0,,Micro Lessons,,,./downloads\A Micro Lesson on your Value versus your Usefulness.mp4,
https://locals.com/scottadams/feed?post=2378308,A Micro Lesson on making women cum (tips from a hypnotist),This is not my usual short-form Micro Lesson. It was presented between bong hits in my Man Cave and spans three whiteboards. You might call it epic. People who tried it themselves report success.,2026-03-17T15:47:17.369102+00:00,downloaded,0,,Micro Lessons,,,./downloads\A Micro Lesson on making women cum (tips from a hypnotist).mp4,
https://locals.com/scottadams/feed?post=2337543,Micro Lesson on career decisions,Locals makes it simple for creators to start a subscription based community and make money directly from their supports.,2026-03-17T15:53:24.741046+00:00,downloaded,0,,Micro Lessons,,,./downloads\Micro Lesson on career decisions.mp4,
https://locals.com/scottadams/feed?post=2239164,A Micro Lesson on Simplifying,Locals makes it simple for creators to start a subscription based community and make money directly from their supports.,2026-03-17T15:59:32.878987+00:00,downloaded,0,,Micro Lessons,,,./downloads\A Micro Lesson on Simplifying.mp4,
https://locals.com/scottadams/feed?post=2194101,"Micro Lesson: Obesity Is An Information Problem, Not a Willpower Problem","Scott Adams: Obesity Is An Information Problem, Not a Willpower Problem",2026-03-17T16:05:57.020202+00:00,downloaded,0,,Micro Lessons,,,"./downloads\Micro Lesson_ Obesity Is An Information Problem, Not a Willpower Problem.mp4",
https://locals.com/scottadams/feed?post=2170502,Micro lesson on knowing who you are,Locals makes it simple for creators to start a subscription based community and make money directly from their supports.,2026-03-17T16:12:06.568814+00:00,downloaded,0,,Micro Lessons,,,./downloads\Micro lesson on knowing who you are.mp4,
https://locals.com/scottadams/feed?post=2093000,Micro Lesson on home efficiency,Locals makes it simple for creators to start a subscription based community and make money directly from their supports.,2026-03-17T16:18:12.178651+00:00,downloaded,0,,Micro Lessons,,,./downloads\Micro Lesson on home efficiency.mp4,
https://locals.com/scottadams/feed?post=2072708,A Micro Lesson on priorities for success,Locals makes it simple for creators to start a subscription based community and make money directly from their supports.,2026-03-17T16:24:20.723562+00:00,downloaded,0,,Micro Lessons,,,./downloads\A Micro Lesson on priorities for success.mp4,
https://locals.com/scottadams/feed?post=2010305,A Micro Lesson on turning work into fun,Locals makes it simple for creators to start a subscription based community and make money directly from their supports.,2026-03-17T16:30:31.587449+00:00,downloaded,0,,Micro Lessons,,,./downloads\A Micro Lesson on turning work into fun.mp4,
https://locals.com/scottadams/feed?post=1970936,A Micro Lesson on Prophesy vs Plan,A Micro Lesson on Prophesy vs Plan,2026-03-17T16:36:39.376797+00:00,downloaded,0,,Micro Lessons,,,./downloads\A Micro Lesson on Prophesy vs Plan.mp4,
https://locals.com/scottadams/feed?post=1930025,A Micro Lesson on the six signals for bad grammar,Included...,2026-03-17T16:42:47.212718+00:00,downloaded,0,,Micro Lessons,,,./downloads\A Micro Lesson on the six signals for bad grammar.mp4,
https://locals.com/scottadams/feed?post=1924403,A Micro Lesson on Giving and Getting Compliments,Locals makes it simple for creators to start a subscription based community and make money directly from their supports.,2026-03-17T16:48:59.561878+00:00,downloaded,0,,Micro Lessons,,,./downloads\A Micro Lesson on Giving and Getting Compliments.mp4,
https://locals.com/scottadams/feed?post=1872545,A Micro Lesson on Reframing Despair/Sadness,A Micro Lesson on Reframing Despair/Sadness,2026-03-17T16:55:07.720383+00:00,downloaded,0,,Micro Lessons,,,./downloads\A Micro Lesson on Reframing Despair_Sadness.mp4,
https://locals.com/scottadams/feed?post=1872529,A Micro Lesson on Reframing Your PTSD As a Superpower,A Micro Lesson on Reframing Your PTSD As a Superpower,2026-03-17T17:01:22.713241+00:00,downloaded,0,,Micro Lessons,,,./downloads\A Micro Lesson on Reframing Your PTSD As a Superpower.mp4,
https://locals.com/scottadams/feed?post=1862085,A Micro Lesson on controlling the controllable,Locals makes it simple for creators to start a subscription based community and make money directly from their supports.,2026-03-17T17:07:30.298572+00:00,downloaded,0,,Micro Lessons,,,./downloads\A Micro Lesson on controlling the controllable.mp4,
https://locals.com/scottadams/feed?post=1801700,A Micro Lesson on navigating the five Love Languages,"Gary Chapman's famous book about the five languages of love has entered popular culture. I show you how to use it, and it's not what you expect.",2026-03-17T17:13:36.037781+00:00,downloaded,0,,Micro Lessons,,,./downloads\A Micro Lesson on navigating the five Love Languages.mp4,
https://locals.com/scottadams/feed?post=1720948,A Micro Lesson on handling grief,Specifically the death of a loved one.,2026-03-17T17:19:46.468169+00:00,downloaded,0,,Micro Lessons,,,./downloads\A Micro Lesson on handling grief.mp4,
https://locals.com/scottadams/feed?post=1682290,Hypnotist Diet Plan,"Hypnotist Diet Plan
See also, Whiteboard for Episode 1651 - Weight Loss System",2026-03-17T17:25:57.913275+00:00,downloaded,0,,Micro Lessons,,,./downloads\Hypnotist Diet Plan.mp4,
https://locals.com/scottadams/feed?post=1630394,A Micro Lesson on reframing stress and anxiety,Locals makes it simple for creators to start a subscription based community and make money directly from their supports.,2026-03-17T17:32:17.266673+00:00,downloaded,0,,Micro Lessons,,,./downloads\A Micro Lesson on reframing stress and anxiety.mp4,
https://locals.com/scottadams/feed?post=1533235,A Micro Lesson on good versus great,Locals makes it simple for creators to start a subscription based community and make money directly from their supports.,2026-03-17T17:38:29.865819+00:00,downloaded,0,,Micro Lessons,,,./downloads\A Micro Lesson on good versus great.mp4,
https://locals.com/scottadams/feed?post=1494776,"A Micro Lesson on maintaining creative ""flow""",Locals makes it simple for creators to start a subscription based community and make money directly from their supports.,2026-03-17T17:44:46.142793+00:00,downloaded,0,,Micro Lessons,,,./downloads\A Micro Lesson on maintaining creative _flow_.mp4,
https://locals.com/scottadams/feed?post=1461144,A Micro Lesson on how to focus,Locals makes it simple for creators to start a subscription based community and make money directly from their supports.,2026-03-17T17:50:55.320228+00:00,downloaded,0,,Micro Lessons,,,./downloads\A Micro Lesson on how to focus.mp4,
https://locals.com/scottadams/feed?post=1422638,Trying to keep up with my neighbor and failing,Locals makes it simple for creators to start a subscription based community and make money directly from their supports.,2026-03-17T17:57:00.349173+00:00,downloaded,0,,Micro Lessons,,,./downloads\Trying to keep up with my neighbor and failing.mp4,
https://locals.com/scottadams/feed?post=1420678,A Micro Lesson on how to predict,Locals makes it simple for creators to start a subscription based community and make money directly from their supports.,2026-03-17T18:03:15.360152+00:00,downloaded,0,,Micro Lessons,,,./downloads\A Micro Lesson on how to predict.mp4,
https://locals.com/scottadams/feed?post=1397788,A Micro Lesson on systems for being on time,Locals makes it simple for creators to start a subscription based community and make money directly from their supports.,2026-03-17T18:09:23.258827+00:00,downloaded,0,,Micro Lessons,,,./downloads\A Micro Lesson on systems for being on time.mp4,
https://locals.com/scottadams/feed?post=1377048,A Micro Lesson on being non-judgmental,Locals makes it simple for creators to start a subscription based community and make money directly from their supports.,2026-03-17T18:15:30.970903+00:00,downloaded,0,,Micro Lessons,,,./downloads\A Micro Lesson on being non-judgmental.mp4,
https://locals.com/scottadams/feed?post=1355341,"A Micro Lesson on ""Persuasion voice""","I teach you how to speak persuasively, in terms of your actual voice.",2026-03-17T18:21:36.972515+00:00,downloaded,0,,Micro Lessons,,,./downloads\A Micro Lesson on _Persuasion voice_.mp4,
https://locals.com/scottadams/feed?post=1315364,A Micro Lesson on using trees to reduce stress,Locals makes it simple for creators to start a subscription based community and make money directly from their supports.,2026-03-17T18:27:42.988883+00:00,downloaded,0,,Micro Lessons,,,./downloads\A Micro Lesson on using trees to reduce stress.mp4,
https://locals.com/scottadams/feed?post=1253554,A Micro Lesson on personality as a chemical experiment,Locals makes it simple for creators to start a subscription based community and make money directly from their supports.,2026-03-17T18:33:53.851126+00:00,downloaded,0,,Micro Lessons,,,./downloads\A Micro Lesson on personality as a chemical experiment.mp4,
https://locals.com/scottadams/feed?post=1246568,A Micro Lesson on using the Energy Filter to predict,Locals makes it simple for creators to start a subscription based community and make money directly from their supports.,2026-03-17T18:40:04.702389+00:00,downloaded,0,,Micro Lessons,,,./downloads\A Micro Lesson on using the Energy Filter to predict.mp4,
https://locals.com/scottadams/feed?post=1243702,A Micro Lesson on Systems versus Goals,Examples are always helpful when talking about systems. I show you three examples of systems I use.,2026-03-17T18:46:12.065216+00:00,downloaded,0,,Micro Lessons,,,./downloads\A Micro Lesson on Systems versus Goals.mp4,
https://locals.com/scottadams/feed?post=1215366,A Micro Lesson on How to Create Luck,I'll show you how to move from a luck-free situation to one in which luck will probably find you.,2026-03-17T18:52:22.236377+00:00,downloaded,0,,Micro Lessons,,,./downloads\A Micro Lesson on How to Create Luck.mp4,
https://locals.com/scottadams/feed?post=1211658,A Micro Lesson on the subjectivity of data,Locals makes it simple for creators to start a subscription based community and make money directly from their supports.,2026-03-17T18:58:35.252944+00:00,downloaded,0,,Micro Lessons,,,./downloads\A Micro Lesson on the subjectivity of data.mp4,
https://locals.com/scottadams/feed?post=1166272,A Micro Lesson on Life's Illusions,"This one is longer than most, at 8 minutes.",2026-03-17T19:04:47.060855+00:00,downloaded,0,,Micro Lessons,,,./downloads\A Micro Lesson on Life's Illusions.mp4,
https://locals.com/scottadams/feed?post=1154239,A Micro Lesson on spotting the illusions holding you back,Locals makes it simple for creators to start a subscription based community and make money directly from their supports.,2026-03-17T19:10:57.443401+00:00,downloaded,0,,Micro Lessons,,,./downloads\A Micro Lesson on spotting the illusions holding you back.mp4,
https://locals.com/scottadams/feed?post=1121289,A Micro Lesson on finding meaning (in life),"I've touched on this topic before, but this pulls it together.",2026-03-17T19:17:03.782961+00:00,downloaded,0,,Micro Lessons,,,./downloads\A Micro Lesson on finding meaning (in life).mp4,
https://locals.com/scottadams/feed?post=1115088,A Micro Lesson on paying attention (focus),Locals makes it simple for creators to start a subscription based community and make money directly from their supports.,2026-03-17T19:23:14.963910+00:00,downloaded,0,,Micro Lessons,,,./downloads\A Micro Lesson on paying attention (focus).mp4,
https://locals.com/scottadams/feed?post=1059052,A Micro Lesson on finding a mentor,Locals makes it simple for creators to start a subscription based community and make money directly from their supports.,2026-03-17T19:29:23.232065+00:00,downloaded,0,,Micro Lessons,,,./downloads\A Micro Lesson on finding a mentor.mp4,
https://locals.com/scottadams/feed?post=1055919,A Micro Lesson on the simplest magic trick for kids,Locals makes it simple for creators to start a subscription based community and make money directly from their supports.,2026-03-17T19:35:29.461846+00:00,downloaded,0,,Micro Lessons,,,./downloads\A Micro Lesson on the simplest magic trick for kids.mp4,
https://locals.com/scottadams/feed?post=1051879,A Micro Lesson on waking up on time,Locals makes it simple for creators to start a subscription based community and make money directly from their supports.,2026-03-17T19:41:35.373431+00:00,downloaded,0,,Micro Lessons,,,./downloads\A Micro Lesson on waking up on time.mp4,
https://locals.com/scottadams/feed?post=1015750,A Micro Lesson on how to give criticism,Locals makes it simple for creators to start a subscription based community and make money directly from their supports.,2026-03-17T19:47:49.291827+00:00,downloaded,0,,Micro Lessons,,,./downloads\A Micro Lesson on how to give criticism.mp4,
https://locals.com/scottadams/feed?post=1008516,A Micro Lesson on the power of praise,Locals makes it simple for creators to start a subscription based community and make money directly from their supports.,2026-03-17T19:53:59.600529+00:00,downloaded,0,,Micro Lessons,,,./downloads\A Micro Lesson on the power of praise.mp4,
https://locals.com/scottadams/feed?post=1004605,A Micro Lesson on how to brag without being a jerk,Locals makes it simple for creators to start a subscription based community and make money directly from their supports.,2026-03-17T20:00:13.682937+00:00,downloaded,0,,Micro Lessons,,,./downloads\A Micro Lesson on how to brag without being a jerk.mp4,
https://locals.com/scottadams/feed?post=993786,A Micro Lesson on finding your advantage,We live in a competitive world. I teach you how to find your special advantage.,2026-03-17T20:06:21.090677+00:00,downloaded,0,,Micro Lessons,,,./downloads\A Micro Lesson on finding your advantage.mp4,
https://locals.com/scottadams/feed?post=986240,A Micro Lesson on creating assets from nothing,Locals makes it simple for creators to start a subscription based community and make money directly from their supports.,2026-03-17T20:12:35.731176+00:00,downloaded,0,,Micro Lessons,,,./downloads\A Micro Lesson on creating assets from nothing.mp4,
https://locals.com/scottadams/feed?post=912834,A Micro Lesson on maximizing your creativity,Locals makes it simple for creators to start a subscription based community and make money directly from their supports.,2026-03-18T00:37:57.400333+00:00,downloaded,0,,Micro Lessons,,,./downloads\A Micro Lesson on maximizing your creativity.mp4,
https://locals.com/scottadams/feed?post=960562,A Micro Lesson on managing your ego,"Your ego is your enemy, not who you are. I teach you how to control that enemy.",2026-03-18T00:39:59.654744+00:00,downloaded,0,,Micro Lessons,,,./downloads\A Micro Lesson on managing your ego.mp4,
https://locals.com/scottadams/feed?post=909934,A Micro Lesson on setting up a livestream studio,"This lesson isn't for everyone, but you might be curious about the process and thinking. It took me years to simplify this setup.",2026-03-18T00:46:31.983652+00:00,downloaded,0,,Micro Lessons,,,./downloads\A Micro Lesson on setting up a livestream studio.mp4,
https://locals.com/scottadams/feed?post=904481,A Micro Lesson on when to believe the experts versus smart citizens,I tell you how to know when to follow the experts and when to follow the smart citizens who did a deep dive.,2026-03-18T00:52:46.210758+00:00,downloaded,0,,Micro Lessons,,,./downloads\A Micro Lesson on when to believe the experts versus smart citizens.mp4,
https://locals.com/scottadams/feed?post=844401,A Micro Lesson on voice variability,Become an interesting speaker like the pros by adding voice variability to your communications.,2026-03-18T00:58:55.065573+00:00,downloaded,0,,Micro Lessons,,,./downloads\A Micro Lesson on voice variability.mp4,
https://locals.com/scottadams/feed?post=816029,A Micro Lesson on fun versus efficiency,Usually you want to be efficient in everything you do. I'll describe a useful exception.,2026-03-18T01:04:59.880307+00:00,downloaded,0,,Micro Lessons,,,./downloads\A Micro Lesson on fun versus efficiency.mp4,
https://locals.com/scottadams/feed?post=806162,A Micro Lesson on determining your human value,Locals makes it simple for creators to start a subscription based community and make money directly from their supports.,2026-03-18T01:11:11.762685+00:00,downloaded,0,,Micro Lessons,,,./downloads\A Micro Lesson on determining your human value.mp4,
https://locals.com/scottadams/feed?post=798298,A Micro Lesson on calling your cat,I teach you how to call any cat and make it come running.,2026-03-18T01:17:16.704075+00:00,downloaded,0,,Micro Lessons,,,./downloads\A Micro Lesson on calling your cat.mp4,
https://locals.com/scottadams/feed?post=784904,A Micro Lesson on Levels of Awareness,"A Micro Lesson on Levels of Awareness
(Excerpt from Episode 1414)",2026-03-18T01:23:18.654901+00:00,downloaded,0,,Micro Lessons,,,./downloads\A Micro Lesson on Levels of Awareness.mp4,
https://locals.com/scottadams/feed?post=778480,A Micro Lesson on your importance,Locals makes it simple for creators to start a subscription based community and make money directly from their supports.,2026-03-18T01:29:30.316273+00:00,downloaded,0,,Micro Lessons,,,./downloads\A Micro Lesson on your importance.mp4,
https://locals.com/scottadams/feed?post=767558,A Micro Lesson on using selfishness to predict the future,Locals makes it simple for creators to start a subscription based community and make money directly from their supports.,2026-03-18T01:35:41.295661+00:00,downloaded,0,,Micro Lessons,,,./downloads\A Micro Lesson on using selfishness to predict the future.mp4,
https://locals.com/scottadams/feed?post=751467,A Micro Lesson on Pulling it all Together for success,I pull together all of my top tips for success to show you how they allowed me to become successful at livestreaming.,2026-03-18T01:42:18.712310+00:00,downloaded,0,,Micro Lessons,,,./downloads\A Micro Lesson on Pulling it all Together for success.mp4,
https://locals.com/scottadams/feed?post=736454,When systems collide,Locals makes it simple for creators to start a subscription based community and make money directly from their supports.,2026-03-18T01:48:25.591636+00:00,downloaded,0,,Micro Lessons,,,./downloads\When systems collide.mp4,
https://locals.com/scottadams/feed?post=732145,A Micro Lesson on learning what causes your moods,Locals makes it simple for creators to start a subscription based community and make money directly from their supports.,2026-03-18T01:54:34.790656+00:00,downloaded,0,,Micro Lessons,,,./downloads\A Micro Lesson on learning what causes your moods.mp4,
https://locals.com/scottadams/feed?post=724097,A Micro Lesson on picking the right tools for the job,Locals makes it simple for creators to start a subscription based community and make money directly from their supports.,2026-03-18T02:00:52.373779+00:00,downloaded,0,,Micro Lessons,,,./downloads\A Micro Lesson on picking the right tools for the job.mp4,
https://locals.com/scottadams/feed?post=698476,A Micro Lesson on fixing anything with duct tape,Locals makes it simple for creators to start a subscription based community and make money directly from their supports.,2026-03-18T02:13:16.237181+00:00,downloaded,0,,Micro Lessons,,,./downloads\A Micro Lesson on fixing anything with duct tape.mp4,
https://locals.com/scottadams/feed?post=696632,A Micro Lesson on not losing your stuff in the house,"Many people have asked me what it would look like if I created a micro lesson while exhausted from lack of sleep and also very, very high. I think all of your questions will be answered in this video.",2026-03-18T02:19:25.237821+00:00,downloaded,0,,Micro Lessons,,,./downloads\A Micro Lesson on not losing your stuff in the house.mp4,
https://locals.com/scottadams/feed?post=672526,A Micro Lesson on being careful what you measure,Locals makes it simple for creators to start a subscription based community and make money directly from their supports.,2026-03-18T02:25:31.655869+00:00,downloaded,0,,Micro Lessons,,,./downloads\A Micro Lesson on being careful what you measure.mp4,
https://locals.com/scottadams/feed?post=665695,A Micro Lesson on Illusions that block success,Locals makes it simple for creators to start a subscription based community and make money directly from their supports.,2026-03-18T02:31:53.218062+00:00,downloaded,0,,Micro Lessons,,,./downloads\A Micro Lesson on Illusions that block success.mp4,
https://locals.com/scottadams/feed?post=662459,A Micro Lesson on cryptocurrencies (for beginners),"If you don't know a damned thing about cryptocurrencies such as Bitcoin and Dogecoin, this gives you a quick overview.",2026-03-18T02:38:09.434378+00:00,downloaded,0,,Micro Lessons,,,./downloads\A Micro Lesson on cryptocurrencies (for beginners).mp4,
https://locals.com/scottadams/feed?post=650873,A Micro Lesson on the Psychology of exercising,"You have to get the ""thinking"" about exercise right or else all the technique in the world won't help. I explain.",2026-03-18T02:44:17.458248+00:00,downloaded,0,,Micro Lessons,,,./downloads\A Micro Lesson on the Psychology of exercising.mp4,
https://locals.com/scottadams/feed?post=645572,A Micro Lesson from behind the persuasion curtain,I teach you how to recognize the massive battle of influence being played out in America.,2026-03-18T02:50:32.183112+00:00,downloaded,0,,Micro Lessons,,,./downloads\A Micro Lesson from behind the persuasion curtain.mp4,
https://locals.com/scottadams/feed?post=638801,A Micro Lesson on pets as an obstacle to success,"I love dogs and cats, and have always had pets. But they make any kind of success in life a LOT harder. I'll tell you why.",2026-03-18T02:56:44.554546+00:00,downloaded,0,,Micro Lessons,,,./downloads\A Micro Lesson on pets as an obstacle to success.mp4,
https://locals.com/scottadams/feed?post=636308,A Micro Lesson on the Rule of Twelve for building a talent stack,"Ignore my mispronunciation of aerobatics as ""aerobics"" and you will find this useful.",2026-03-18T03:02:59.052123+00:00,downloaded,0,,Micro Lessons,,,./downloads\A Micro Lesson on the Rule of Twelve for building a talent stack.mp4,
https://locals.com/scottadams/feed?post=613280,A Micro Lesson on turning a bad day to your advantage,Everyone gets sad sometimes. I show you how to benefit from it.,2026-03-18T03:15:30.928837+00:00,downloaded,0,,Micro Lessons,,,./downloads\A Micro Lesson on turning a bad day to your advantage.mp4,
https://locals.com/scottadams/feed?post=597509,A Micro Lesson on how to get rich,Locals makes it simple for creators to start a subscription based community and make money directly from their supports.,2026-03-18T03:21:36.360569+00:00,downloaded,0,,Micro Lessons,,,./downloads\A Micro Lesson on how to get rich.mp4,
https://locals.com/scottadams/feed?post=578830,A Micro Lesson on identifying winners versus losers,Wouldn't it be nice if you could identify future winners in life? You probably can. I'll show you how.,2026-03-18T03:27:47.537626+00:00,downloaded,0,,Micro Lessons,,,./downloads\A Micro Lesson on identifying winners versus losers.mp4,
https://locals.com/scottadams/feed?post=573318,A Micro Lesson on Proper Voice Technique,Locals makes it simple for creators to start a subscription based community and make money directly from their supports.,2026-03-18T03:34:09.421681+00:00,downloaded,0,,Micro Lessons,,,./downloads\A Micro Lesson on Proper Voice Technique.mp4,
https://locals.com/scottadams/feed?post=570763,"A micro lesson on optimizing your ""story of self""","We all carry with us a ""story"" of who we are and where we are headed. I'll show you how to optimize your story so it translates into the right actions.",2026-03-18T03:40:20.556990+00:00,downloaded,0,,Micro Lessons,,,./downloads\A micro lesson on optimizing your _story of self_.mp4,
https://locals.com/scottadams/feed?post=568118,A Micro Lesson on reciprocity as human source code,"If you are unsuccessful in business or your relationships, it's probably because you need this lesson.",2026-03-18T03:46:34.546196+00:00,downloaded,0,,Micro Lessons,,,./downloads\A Micro Lesson on reciprocity as human source code.mp4,
https://locals.com/scottadams/feed?post=554558,A Micro Lesson on writing a good Tweet (or anything else),Locals makes it simple for creators to start a subscription based community and make money directly from their supports.,2026-03-18T03:53:05.575788+00:00,downloaded,0,,Micro Lessons,,,./downloads\A Micro Lesson on writing a good Tweet (or anything else).mp4,
https://locals.com/scottadams/feed?post=551690,A Micro Lesson on reprogramming your food preferences,"You can reprogram your brain (very easily) to change your food preferences. In fact, of all the self-improvement techniques in the world, this might be the easiest. You just need to know how.",2026-03-18T03:59:14.328366+00:00,downloaded,0,,Micro Lessons,,,./downloads\A Micro Lesson on reprogramming your food preferences.mp4,
https://locals.com/scottadams/feed?post=548912,A Micro Lesson on How to Tell a Story,Telling a good story is a skill.,2026-03-18T04:05:31.191410+00:00,downloaded,0,,Micro Lessons,,,./downloads\A Micro Lesson on How to Tell a Story.mp4,
https://locals.com/scottadams/feed?post=541506,A Micro Lesson on How to be Non-Judgemental,Locals makes it simple for creators to start a subscription based community and make money directly from their supports.,2026-03-18T04:11:51.932480+00:00,downloaded,0,,Micro Lessons,,,./downloads\A Micro Lesson on How to be Non-Judgemental.mp4,
https://locals.com/scottadams/feed?post=533737,A Micro Lesson on self-esteem and The Impostor Syndrome,"As requested by Locals subscribers, I give you a micro lesson on self-esteem and how to handle your own Impostor Syndrome.",2026-03-18T04:18:24.520991+00:00,downloaded,0,,Micro Lessons,,,./downloads\A Micro Lesson on self-esteem and The Impostor Syndrome.mp4,
https://locals.com/scottadams/feed?post=530992,A Micro Lesson on dealing with criticism,This is the topic my community here requested the most.,2026-03-18T04:24:56.737049+00:00,downloaded,0,,Micro Lessons,,,./downloads\A Micro Lesson on dealing with criticism.mp4,
https://locals.com/scottadams/feed?post=526692,A Micro Lesson in movie script construct,"You might never want to write a movie. But you can quickly add this skill to your Talent Stack in a few minutes. The more talents you acquire, the more chances they will have ""idea sex"" and someday spawn a new idea for you, or a new way of thinking in an unrelated area.",2026-03-18T04:31:13.854720+00:00,downloaded,0,,Micro Lessons,,,./downloads\A Micro Lesson in movie script construct.mp4,
https://locals.com/scottadams/feed?post=520958,A Micro Lesson on Happiness using the Mating Filter,"Ever wonder what makes a human happy? We're all different, but I'll tell you one thing that probably works for 90% of us.",2026-03-18T04:37:30.719139+00:00,downloaded,0,,Micro Lessons,,,./downloads\A Micro Lesson on Happiness using the Mating Filter.mp4,
https://locals.com/scottadams/feed?post=515577,A Micro Lesson on using failure to predict the future,Are you concerned about China eventually dominating the United States and the rest of the world?,2026-03-18T05:01:59.466161+00:00,downloaded,0,,Micro Lessons,,,./downloads\A Micro Lesson on using failure to predict the future.mp4,
https://locals.com/scottadams/feed?post=514015,A Micro Lesson on back-scratching and touch,Have you ever noticed that some people have extraordinary touch and some don't?,2026-03-18T05:08:21.649262+00:00,downloaded,0,,Micro Lessons,,,./downloads\A Micro Lesson on back-scratching and touch.mp4,
https://locals.com/scottadams/feed?post=506613,A Micro Lesson on reframing,Video should be working now,2026-03-18T05:15:03.794000+00:00,downloaded,0,,Micro Lessons,,,./downloads\A Micro Lesson on reframing.mp4,
https://locals.com/scottadams/feed?post=492270,A Micro Lesson on using persuasion to minimize the coming George Floyd riots,I'm assuming the police officer accused of killing George Floyd will not be convicted on any kind of murder count because there is reasonable doubt all over this situation. So how do we avoid the inevitable rioting that will follow it?,2026-03-18T05:21:14.454295+00:00,downloaded,0,,Micro Lessons,,,./downloads\A Micro Lesson on using persuasion to minimize the coming George Floyd riots.mp4,
https://locals.com/scottadams/feed?post=484751,A Micro Lesson on programming your brain via word choice,"Every time you form a sentence, you program your own brain in a tiny way. If you don't learn to do it intentionally, you will be programming yourself randomly over time. I teach you how to control that process.",2026-03-18T05:27:33.873580+00:00,downloaded,0,,Micro Lessons,,,./downloads\A Micro Lesson on programming your brain via word choice.mp4,
https://locals.com/scottadams/feed?post=479783,A Micro Lesson on The Great Filters of reality,"If you want to understand reality (as well as a human can), here are the best ""filters"" you can acquire over your lifetime. None are difficult to learn, but it takes time to assemble this skill stack.",2026-03-18T05:34:02.167333+00:00,downloaded,0,,Micro Lessons,,,./downloads\A Micro Lesson on The Great Filters of reality.mp4,
https://locals.com/scottadams/feed?post=474792,A Micro Lesson on how to decide a new line of business will work,"I teach you how to know if a new line of business, such as a startup, is worth pursuing. My example will take you behind the curtain as I make this decision myself on a new opportunity. See how I approach it.",2026-03-18T05:40:29.039230+00:00,downloaded,0,,Micro Lessons,,,./downloads\A Micro Lesson on how to decide a new line of business will work.mp4,
https://locals.com/scottadams/feed?post=471771,Micro Lesson on how to win a coin toss every time,"I invented this trick, by the way. I haven't lost a coin toss since the seventies, except when someone is smart enough to not let me toss it. And then I still win half the time.",2026-03-18T05:46:40.040187+00:00,downloaded,0,,Micro Lessons,,,./downloads\Micro Lesson on how to win a coin toss every time.mp4,
https://locals.com/scottadams/feed?post=469135,"A Micro Lesson on drawing bodies, shading and perspective",This is part of my series on how to be a cartoonist. I try to make the micro lessons in this series interesting enough that you wouldn't have to care about cartooning to find value in how it is presented. And I keep them short.,2026-03-18T05:53:05.038853+00:00,downloaded,0,,Micro Lessons,,,"./downloads\A Micro Lesson on drawing bodies, shading and perspective.mp4",
https://locals.com/scottadams/feed?post=467193,A Micro Lesson on drawing a cartoon/comic fac,"This is part of my developing series on how to be a cartoonist. Most of you don't have that ambition, but you can still add to your talent stack just by knowing how the process works. And I'll make it short and fast-paced so you can absorb it quickly.",2026-03-18T05:59:35.521569+00:00,downloaded,0,,Micro Lessons,,,./downloads\A Micro Lesson on drawing a cartoon_comic fac.mp4,
https://locals.com/scottadams/feed?post=464646,A Micro Lesson on using the 80-20 rule to build your Talent Stack,You probably already know what a Talent Stack is. I teach you an incredibly easy way to increase your talent stack without much effort at all.,2026-03-18T06:05:51.185640+00:00,downloaded,0,,Micro Lessons,,,./downloads\A Micro Lesson on using the 80-20 rule to build your Talent Stack.mp4,
https://locals.com/scottadams/feed?post=457996,A Micro Lesson (15 minutes) on how to become a cartoonist,"Even if you don't plan to become a cartoonist, you might be interested in my tips on how to get started, created exclusively for my Locals subscribers.",2026-03-18T06:12:34.977391+00:00,downloaded,0,,Micro Lessons,,,./downloads\A Micro Lesson (15 minutes) on how to become a cartoonist.mp4,
https://locals.com/scottadams/feed?post=451676,A Micro Lesson on finding your path to meaning and happiness,I turned off the paywall on this Micro Lesson so everyone can share it.,2026-03-18T06:18:47.290878+00:00,downloaded,0,,Micro Lessons,,,./downloads\A Micro Lesson on finding your path to meaning and happiness.mp4,
https://locals.com/scottadams/feed?post=451515,A Micro Lesson on how to explain things clearly,People ask me how I explain things so clearly. Here are some of the techniques I use.,2026-03-18T06:25:01.121499+00:00,downloaded,0,,Micro Lessons,,,./downloads\A Micro Lesson on how to explain things clearly.mp4,
https://locals.com/scottadams/feed?post=442843,A Micro Lesson on what I call compound learning,"How to learn more, faster, over time.",2026-03-18T06:31:15.743753+00:00,downloaded,0,,Micro Lessons,,,./downloads\A Micro Lesson on what I call compound learning.mp4,
https://locals.com/scottadams/feed?post=442529,Micro Lesson on three efficiency hacks,"Here are three random efficiency tricks, of which at least one is likely to come in handy for you someday.",2026-03-18T06:37:26.388833+00:00,downloaded,0,,Micro Lessons,,,./downloads\Micro Lesson on three efficiency hacks.mp4,
https://locals.com/scottadams/feed?post=442094,A Micro Lesson on dressing for outdoor dining during a pandemic,Locals makes it simple for creators to start a subscription based community and make money directly from their supports.,2026-03-18T06:43:36.722044+00:00,downloaded,0,,Micro Lessons,,,./downloads\A Micro Lesson on dressing for outdoor dining during a pandemic.mp4,
https://locals.com/scottadams/feed?post=437115,A Micro Lesson on how to learn something effectively,I teach you how to learn things that are hard to learn. It's easy.,2026-03-18T06:49:47.259183+00:00,downloaded,0,,Micro Lessons,,,./downloads\A Micro Lesson on how to learn something effectively.mp4,
https://locals.com/scottadams/feed?post=427612,A Micro Lesson on Dog Psychology,Watch me change Snickers' subjective reality in real time.,2026-03-18T06:55:56.369855+00:00,downloaded,0,,Micro Lessons,,,./downloads\A Micro Lesson on Dog Psychology.mp4,
https://locals.com/scottadams/feed?post=415681,A Micro Lesson on managing oxytocin to improve relationships,I teach you how to improve your relationships by managing your oxytocin levels. Think of it as another way to program your own mind by the actions you take during the day.,2026-03-18T07:02:13.780689+00:00,downloaded,0,,Micro Lessons,,,./downloads\A Micro Lesson on managing oxytocin to improve relationships.mp4,
https://locals.com/scottadams/feed?post=407898,A Micro Lesson on Stock investing for beginners,Do you want to invest in stocks but don't know how to start? I tell you how to do it and stay out of trouble.,2026-03-18T07:08:43.739262+00:00,downloaded,0,,Micro Lessons,,,./downloads\A Micro Lesson on Stock investing for beginners.mp4,
https://locals.com/scottadams/feed?post=402848,A Micro Lesson on fixing online education,"The video starts with me at my drums, and I put on the lavalier microphone about a minute into the video, so sound will be good after that.",2026-03-18T07:15:08.545798+00:00,downloaded,0,,Micro Lessons,,,./downloads\A Micro Lesson on fixing online education.mp4,
https://locals.com/scottadams/feed?post=397191,Micro Lesson on using your environment to program your brain,"Don't share this one outside of Locals, please. It wouldn't be appropriate for all audiences.",2026-03-18T07:21:30.517229+00:00,downloaded,0,,Micro Lessons,,,./downloads\Micro Lesson on using your environment to program your brain.mp4,
https://locals.com/scottadams/feed?post=394968,"A Micro Lesson on avoiding ""cancellation""","It's a dangerous world out there, at least politically and socially, and you could get cancelled without realizing you even did anything offensive. I'll tell you how to make yourself safer.",2026-03-18T07:28:02.700378+00:00,downloaded,0,,Micro Lessons,,,./downloads\A Micro Lesson on avoiding _cancellation_.mp4,
https://locals.com/scottadams/feed?post=351265,A Micro Lesson on beating Writers Block,One of the most audience-requested micro lesson topics is how to get past writer's block. I put together my tips for that here.,2026-03-18T07:34:36.269709+00:00,downloaded,0,,Micro Lessons,,,./downloads\A Micro Lesson on beating Writers Block.mp4,
https://locals.com/scottadams/feed?post=341760,A Micro Lesson on beating procrastination,Do you have trouble getting motivated to do what you need to do? Here are some hypnosis-inspired tips for fixing that.,2026-03-18T07:40:50.397958+00:00,downloaded,0,,Micro Lessons,,,./downloads\A Micro Lesson on beating procrastination.mp4,
https://locals.com/scottadams/feed?post=338260,A Micro Lesson on getting rid of unwanted thoughts,"If you have traumatic memory or just unproductive thoughts during the day, I teach you some methods for reducing their impact.",2026-03-18T07:47:05.827130+00:00,downloaded,0,,Micro Lessons,,,./downloads\A Micro Lesson on getting rid of unwanted thoughts.mp4,
https://locals.com/scottadams/feed?post=325230,"A Micro Lesson on increasing your ""willpower""",Willpower is an illusion. But you can get the benefits of what would seem to be boosting your willpower. I explain how.,2026-03-18T07:53:22.120304+00:00,downloaded,0,,Micro Lessons,,,./downloads\A Micro Lesson on increasing your _willpower_.mp4,
https://locals.com/scottadams/feed?post=316399,Micro Lesson: Brainwashing Versus Hypnosis,"Micro Lesson: Brainwashing Versus Hypnosis
An extract from Episode 1242",2026-03-18T07:59:43.340396+00:00,downloaded,0,,Micro Lessons,,,./downloads\Micro Lesson_ Brainwashing Versus Hypnosis.mp4,
https://locals.com/scottadams/feed?post=316261,Micro Lesson: HOAX Creation,"Micro Lesson: HOAX Creation
An extract from Episode 1241",2026-03-18T08:06:13.413116+00:00,downloaded,0,,Micro Lessons,,,./downloads\Micro Lesson_ HOAX Creation.mp4,
https://locals.com/scottadams/feed?post=309003,A Micro Lesson on Triggers and Frames,"If you can't fix whatever is bothering you at any given moment, sometimes you can learn to think about it differently, and not be as bothered. I show you how.",2026-03-18T08:12:27.948423+00:00,downloaded,0,,Micro Lessons,,,./downloads\A Micro Lesson on Triggers and Frames.mp4,
https://locals.com/scottadams/feed?post=308052,A Whiteboard Micro Lesson: War With China,This micro lesson is an extract from Episode 1236.,2026-03-18T08:19:09.195952+00:00,downloaded,0,,Micro Lessons,,,./downloads\A Whiteboard Micro Lesson_ War With China.mp4,
https://locals.com/scottadams/feed?post=305824,A Micro Lesson on confidence,Locals makes it simple for creators to start a subscription based community and make money directly from their supports.,2026-03-18T08:25:24.314638+00:00,downloaded,0,,Micro Lessons,,,./downloads\A Micro Lesson on confidence.mp4,
https://locals.com/scottadams/feed?post=298429,A Micro Lesson on taking a mental vacation,"I teach you how to get SOME of the benefits of a real vacation without leaving your home, using a mental trick.",2026-03-18T08:31:36.820692+00:00,downloaded,0,,Micro Lessons,,,./downloads\A Micro Lesson on taking a mental vacation.mp4,
https://locals.com/scottadams/feed?post=288705,A Micro Lesson on practicing the non-obvious,"You need to practice to be good at anything, but I explain a non-obvious way to practice your way to a major competitive advantage for yourself.",2026-03-18T08:37:50.226205+00:00,downloaded,0,,Micro Lessons,,,./downloads\A Micro Lesson on practicing the non-obvious.mp4,
https://locals.com/scottadams/feed?post=279902,Micro Lesson on reframing reality,This is one of the most important things you will ever learn. And it only takes a few minutes. (Practicing it takes longer.),2026-03-18T08:44:13.867326+00:00,downloaded,0,,Micro Lessons,,,./downloads\Micro Lesson on reframing reality.mp4,
https://locals.com/scottadams/feed?post=263835,A Micro Lesson on persuasive word and phrases,A Locals subscriber asked me to do a micro lesson on persuasive words and phrases. Here are some of the strongest ones.,2026-03-18T08:50:35.245175+00:00,downloaded,0,,Micro Lessons,,,./downloads\A Micro Lesson on persuasive word and phrases.mp4,
https://locals.com/scottadams/feed?post=251669,A Micro Lesson on the power of momentum,Locals makes it simple for creators to start a subscription based community and make money directly from their supports.,2026-03-18T08:56:45.588333+00:00,downloaded,0,,Micro Lessons,,,./downloads\A Micro Lesson on the power of momentum.mp4,
https://locals.com/scottadams/feed?post=246980,A Micro Lesson on how to know your product or idea is special or not,Locals makes it simple for creators to start a subscription based community and make money directly from their supports.,2026-03-18T09:03:03.265697+00:00,downloaded,0,,Micro Lessons,,,./downloads\A Micro Lesson on how to know your product or idea is special or not.mp4,
https://locals.com/scottadams/feed?post=245258,A Micro Lesson on Talking Like a Hypnotist,Locals makes it simple for creators to start a subscription based community and make money directly from their supports.,2026-03-18T09:09:18.630525+00:00,downloaded,0,,Micro Lessons,,,./downloads\A Micro Lesson on Talking Like a Hypnotist.mp4,
https://locals.com/scottadams/feed?post=230075,A micro lesson on success strategies,"I tell you how I built my livestream audience for Coffee With Scott Adams using the success techniques I talk about in my book, How to Fail at Almost Everything and Still Win Big: https://amzn.to/2znai9k",2026-03-18T09:15:37.318813+00:00,downloaded,0,,Micro Lessons,,,./downloads\A micro lesson on success strategies.mp4,
https://locals.com/scottadams/feed?post=215292,A Micro Lesson on using imagination to fuel your success,I apologize for the microphone noises. I must have been accidentally touching it while talking.,2026-03-18T09:21:48.631255+00:00,downloaded,0,,Micro Lessons,,,./downloads\A Micro Lesson on using imagination to fuel your success.mp4,
https://locals.com/scottadams/feed?post=199632,A Micro Lesson on programming yourself for good habits,I teach you a quick trick for programming your own brain into good habits.,2026-03-18T09:27:56.382814+00:00,downloaded,0,,Micro Lessons,,,./downloads\A Micro Lesson on programming yourself for good habits.mp4,
https://locals.com/scottadams/feed?post=178537,A Micro Lesson on the first sentence,"If you want to be persuasive, remember that the first thing you say matters more than all the rest.",2026-03-18T09:34:03.208417+00:00,downloaded,0,,Micro Lessons,,,./downloads\A Micro Lesson on the first sentence.mp4,
https://locals.com/scottadams/feed?post=175152,A Micro Lesson on persuasive voice technique,"I teach you how to avoid the two biggest ""voice mistakes"" when trying to be persuasive.",2026-03-18T09:40:10.995539+00:00,downloaded,0,,Micro Lessons,,,./downloads\A Micro Lesson on persuasive voice technique.mp4,
https://locals.com/scottadams/feed?post=168159,A micro lesson on food persuasion,"I used the camera microphone on this, as I await a better microphone that is on the way.",2026-03-18T09:46:20.911001+00:00,downloaded,0,,Micro Lessons,,,./downloads\A micro lesson on food persuasion.mp4,
https://locals.com/scottadams/feed?post=166619,A micro lesson on asking for what you want,"If you don't ask, you won't get. I tell you a story to keep that tip in your mind.",2026-03-18T09:52:27.056691+00:00,downloaded,0,,Micro Lessons,,,./downloads\A micro lesson on asking for what you want.mp4,
https://locals.com/scottadams/feed?post=164257,A micro lesson on when to trust experts,When should you trust experts and when should you be skeptical? I give you some perspective on that.,2026-03-18T09:58:37.014023+00:00,downloaded,0,,Micro Lessons,,,./downloads\A micro lesson on when to trust experts.mp4,
https://locals.com/scottadams/feed?post=158746,A Micro Lesson on spotting cognitive dissonance,"I explain a common ""tell"" for cognitive dissonance, so you you know if you are the crazy one or this time it is the other person.",2026-03-18T10:04:38.879306+00:00,downloaded,0,,Micro Lessons,,,./downloads\A Micro Lesson on spotting cognitive dissonance.mp4,
https://locals.com/scottadams/feed?post=153963,A Micro Lesson on programming your own brain,This lesson starts with teaching you a magic trick and then expands that concept to methods from hypnosis and self-improvement fields to teach you how to rewire your own brain.,2026-03-18T10:11:01.394851+00:00,downloaded,0,,Micro Lessons,,,./downloads\A Micro Lesson on programming your own brain.mp4,
https://locals.com/scottadams/feed?post=151038,A Micro Lesson on getting video lighting right,Update: I incorrectly said the AirPods act as a microphone with these micro lessons. Turns out they do act as a microphone but for some odd reason are not compatible with Apple's own video app. So I was actually using the built-in microphone on my iphone and didn't realize it. Testing on other apps now.,2026-03-18T10:17:09.387722+00:00,downloaded,0,,Micro Lessons,,,./downloads\A Micro Lesson on getting video lighting right.mp4,
https://locals.com/scottadams/feed?post=150865,A Micro Lesson on motivating employees,"I'm no expert on managing people, but I do have substantial experience doing it, and I picked up some tricks you might find useful.",2026-03-18T10:23:23.135939+00:00,downloaded,0,,Micro Lessons,,,./downloads\A Micro Lesson on motivating employees.mp4,
https://locals.com/scottadams/feed?post=148180,Micro Lesson on how to persuasively say no,Do you ever have trouble cutting off unwanted sales pitches without being awkward or rude? I tell you how to get it done cleanly and efficiently.,2026-03-18T10:29:29.256041+00:00,downloaded,0,,Micro Lessons,,,./downloads\Micro Lesson on how to persuasively say no.mp4,
https://locals.com/scottadams/feed?post=147125,Micro Lesson on cartooning technology,Ever wonder what technology a cartoonists uses to create comics? I show you my setup.,2026-03-18T10:35:35.545377+00:00,downloaded,0,,Micro Lessons,,,./downloads\Micro Lesson on cartooning technology.mp4,
https://locals.com/scottadams/feed?post=145398,A Micro Lesson on the success secrets of The Beatles,"I have been listening to lots of old interviews with Beatles band members and I'm blown away at how good their intuitions and work processes were. It's obvious why they were so successful, and it is baked into HOW they did their work, not just how talented they were.",2026-03-18T10:41:51.099351+00:00,downloaded,0,,Micro Lessons,,,./downloads\A Micro Lesson on the success secrets of The Beatles.mp4,
https://locals.com/scottadams/feed?post=143884,Micro Lesson on creating ideas,I give you a quick explanation of how I come up with ideas. There is a process to it.,2026-03-18T10:48:04.106089+00:00,downloaded,0,,Micro Lessons,,,./downloads\Micro Lesson on creating ideas.mp4,
https://locals.com/scottadams/feed?post=137776,A Micro Lesson on handling unpleasant tasks with no extra unpleasantness,Locals makes it simple for creators to start a subscription based community and make money directly from their supports.,2026-03-18T10:54:11.401898+00:00,downloaded,0,,Micro Lessons,,,./downloads\A Micro Lesson on handling unpleasant tasks with no extra unpleasantness.mp4,
https://locals.com/scottadams/feed?post=136156,A Micro Lesson on Effectively Naming things for persuasion,Locals makes it simple for creators to start a subscription based community and make money directly from their supports.,2026-03-18T11:00:22.206328+00:00,downloaded,0,,Micro Lessons,,,./downloads\A Micro Lesson on Effectively Naming things for persuasion.mp4,
https://locals.com/scottadams/feed?post=133877,A Micro Lesson on time management persuasion,I share a time management secret I have used for 30 years and never revealed until now.,2026-03-18T11:06:37.422575+00:00,downloaded,0,,Micro Lessons,,,./downloads\A Micro Lesson on time management persuasion.mp4,
https://locals.com/scottadams/feed?post=133195,A micro lesson on using diversion as persuasion,I explain how President Trump is using his patented diversion technique to solve his Atlantic Magazine problem that accused him of dissing the troops.,2026-03-18T11:12:47.505169+00:00,downloaded,0,,Micro Lessons,,,./downloads\A micro lesson on using diversion as persuasion.mp4,
https://locals.com/scottadams/feed?post=131665,"A Micro Lesson on managing your ""flow""","""Flow"" is your ability to stay on task and effortless concentrate on the thing you want to accomplish without disruption. I teach you some tricks.",2026-03-18T11:18:57.555535+00:00,downloaded,0,,Micro Lessons,,,./downloads\A Micro Lesson on managing your _flow_.mp4,
https://locals.com/scottadams/feed?post=131606,A Micro Lesson on creating a viral hashtag such as #BidenRiots,I teach you some tricks for creating a hashtag that people want to use.,2026-03-18T11:25:11.890931+00:00,downloaded,0,,Micro Lessons,,,./downloads\A Micro Lesson on creating a viral hashtag such as #BidenRiots.mp4,
https://locals.com/scottadams/feed?post=129742,A Micro Lesson on how to make friends,Here are my tips on how to make friends. You will like it.,2026-03-18T11:31:13.402598+00:00,downloaded,0,,Micro Lessons,,,./downloads\A Micro Lesson on how to make friends.mp4,
https://locals.com/scottadams/feed?post=127012,Micro Lesson on using your imagination to steer your future,This is useful whether or not you are a software simulation. Don't live randomly! Use your imagination to steer.,2026-03-18T11:37:25.470103+00:00,downloaded,0,,Micro Lessons,,,./downloads\Micro Lesson on using your imagination to steer your future.mp4,
https://locals.com/scottadams/feed?post=121346,Micro Lesson in spotting “thinking past the sale”,Micro Lesson in spotting “thinking past the sale”,2026-03-18T11:43:33.150259+00:00,downloaded,0,,Micro Lessons,,,./downloads\Micro Lesson in spotting “thinking past the sale”.mp4,
https://locals.com/scottadams/feed?post=118480,"A Micro Lesson on testing your product, service, or art","How do you know you built something good? The only way to know for sure is to test it. Amazingly, this is rarely done (or done right) even by the biggest companies. Yet it isn't hard to do.",2026-03-18T11:49:48.757388+00:00,downloaded,0,,Micro Lessons,,,"./downloads\A Micro Lesson on testing your product, service, or art.mp4",
https://locals.com/scottadams/feed?post=117891,A Micro Lesson on being more productive,"Per request from a Locals subscriber, here is a micro lesson on how to be more productive.",2026-03-18T11:56:15.540791+00:00,downloaded,0,,Micro Lessons,,,./downloads\A Micro Lesson on being more productive.mp4,
https://locals.com/scottadams/feed?post=117071,A Micro Lesson on conflict resolution,"As requested, here's a tiny lesson on conflict resolution, from a hypnotist's perspective.",2026-03-18T12:02:28.974319+00:00,downloaded,0,,Micro Lessons,,,./downloads\A Micro Lesson on conflict resolution.mp4,
https://locals.com/scottadams/feed?post=116186,A Micro Lesson on the TV Executive Enthusiasm Prediction Model,What does Democratic enthusiasm (or lack thereof) for Biden predict if polls show he is still ahead?,2026-03-18T12:08:38.679764+00:00,downloaded,0,,Micro Lessons,,,./downloads\A Micro Lesson on the TV Executive Enthusiasm Prediction Model.mp4,
https://locals.com/scottadams/feed?post=114849,A Micro Lesson on how to know you live in a software simulation,"If you were nothing but software, living inside a simulated reality created by some other intelligence, how would you know? Is there any way to find out the truth?",2026-03-18T12:14:54.750829+00:00,downloaded,0,,Micro Lessons,,,./downloads\A Micro Lesson on how to know you live in a software simulation.mp4,
https://locals.com/scottadams/feed?post=113311,A Micro Lesson on Avoiding Backward Pitches,Locals makes it simple for creators to start a subscription based community and make money directly from their supports.,2026-03-18T12:21:06.138915+00:00,downloaded,0,,Micro Lessons,,,./downloads\A Micro Lesson on Avoiding Backward Pitches.mp4,
https://locals.com/scottadams/feed?post=109623,"A micro lesson on the ""fake because"" and the Persuasion Filter",Locals makes it simple for creators to start a subscription based community and make money directly from their supports.,2026-03-18T12:27:20.031942+00:00,downloaded,0,,Micro Lessons,,,./downloads\A micro lesson on the _fake because_ and the Persuasion Filter.mp4,
https://locals.com/scottadams/feed?post=109547,A micro lesson on creating a diet system for yourself,"An incoming call interrupted the last minute of this video, but you only miss a redundant summary that was coming.",2026-03-18T12:33:38.940764+00:00,downloaded,0,,Micro Lessons,,,./downloads\A micro lesson on creating a diet system for yourself.mp4,
https://locals.com/scottadams/feed?post=109006,"A micro lesson on the word ""botched"" as persuasion",Locals makes it simple for creators to start a subscription based community and make money directly from their supports.,2026-03-18T12:39:54.393670+00:00,downloaded,0,,Micro Lessons,,,./downloads\A micro lesson on the word _botched_ as persuasion.mp4,
https://locals.com/scottadams/feed?post=105475,A micro lesson on the Mind-reader Persuasion Trick,I teach you how to create a persuasive connection with another person using what I call the mind-reader persuasion trick.,2026-03-18T12:51:55.451500+00:00,downloaded,0,,Micro Lessons,,,./downloads\A micro lesson on the Mind-reader Persuasion Trick.mp4,
https://locals.com/scottadams/feed?post=103825,A micro lesson in changing what people want,"Don't share this video outside of Locals, please. This is the sort of content I wouldn't display outside this platform. It's too dangerous. But I think this crowd can handle it and gain a superpower.",2026-03-18T12:58:20.601296+00:00,downloaded,0,,Micro Lessons,,,./downloads\A micro lesson in changing what people want.mp4,
https://locals.com/scottadams/feed?post=102435,A micro lesson on expectations and contrast for persuasion,Locals makes it simple for creators to start a subscription based community and make money directly from their supports.,2026-03-18T13:04:47.624537+00:00,downloaded,0,,Micro Lessons,,,./downloads\A micro lesson on expectations and contrast for persuasion.mp4,
https://locals.com/scottadams/feed?post=96253,Fitness Micro Lesson,These are the notes for the video below in case you want to refer to them:,2026-03-18T13:11:36.757169+00:00,downloaded,0,,Micro Lessons,,,./downloads\Fitness Micro Lesson.mp4,
https://locals.com/scottadams/feed?post=95050,"A Micro Lesson on how ""learning"" can be ten times better","Have you ever looked for a technical or household repair solution on Youtube? You can usually find what you need, but not before spending 99% of your time sorting through the wrong things that looked like the right things.",2026-03-18T13:17:50.971257+00:00,downloaded,0,,Micro Lessons,,,./downloads\A Micro Lesson on how _learning_ can be ten times better.mp4,
https://locals.com/scottadams/feed?post=91475,"A Micro Lesson on managing your energy, not your time","Several people asked me to do a micro lesson on the idea of managing your energy instead of your time. This is it. For some of you, this will be life-changing.",2026-03-18T13:24:53.348715+00:00,downloaded,0,,Micro Lessons,,,"./downloads\A Micro Lesson on managing your energy, not your time.mp4",
https://locals.com/scottadams/feed?post=84489,Micro lesson on saving your relationship from TDS,The whiteboard photos are in a separate post.,2026-03-18T13:31:37.886929+00:00,downloaded,0,,Micro Lessons,,,./downloads\Micro lesson on saving your relationship from TDS.mp4,
https://locals.com/scottadams/feed?post=81761,A micro lesson on how to deal with false accusations,A false accusation during our current cancel culture pandemic can be fatal. I teach you how to deal with the wildest of false accusations.,2026-03-18T13:37:55.069860+00:00,downloaded,0,,Micro Lessons,,,./downloads\A micro lesson on how to deal with false accusations.mp4,
https://locals.com/scottadams/feed?post=81227,Micro Lesson on managing experts,"I tell you a quick story about managing lawyers, which applies to any experts advising you.",2026-03-18T13:44:12.022061+00:00,downloaded,0,,Micro Lessons,,,./downloads\Micro Lesson on managing experts.mp4,
https://locals.com/scottadams/feed?post=76271,A Micro Lesson on how Hypnotists read bodies,"I use my dog Snickers to demonstrate how hypnotists know their technique is working by observing tiny changes in the subject. This is the most useful thing I learned in hypnosis. You can apply it to normal social interactions, meaning you will know if the person you are engaging with is responding to you positively or negatively. It's body language, yes, but focusing on the sort of tiny changes you would not notice if you didn't train yourself to look for them.",2026-03-18T13:50:21.448272+00:00,downloaded,0,,Micro Lessons,,,./downloads\A Micro Lesson on how Hypnotists read bodies.mp4,
https://locals.com/scottadams/feed?post=75703,A micro lesson on how to worry less about the weekly “crisis”,Are you feeling tense about events in the world? I give you some perspective to help you relax.,2026-03-18T13:56:38.296236+00:00,downloaded,0,,Micro Lessons,,,./downloads\A micro lesson on how to worry less about the weekly “crisis”.mp4,
https://locals.com/scottadams/feed?post=66300,A micro lesson on persuasion,I talk about Mark Wahlberg's pardon request and those foot-washing protestors.,2026-03-18T14:02:55.256135+00:00,downloaded,0,,Micro Lessons,,,./downloads\A micro lesson on persuasion.mp4,
https://locals.com/scottadams/feed?post=61985,Episode 1003 Micro Lesson - Getting a Raise,Episode 1003 Micro Lesson - Getting a Raise,2026-03-18T14:09:26.157289+00:00,downloaded,0,,Micro Lessons,,,./downloads\Episode 1003 Micro Lesson - Getting a Raise.mp4,
https://locals.com/scottadams/feed?post=61012,How to draw,I give you a micro lesson on how to draw (mostly comics).,2026-03-18T14:15:46.113500+00:00,downloaded,0,,Micro Lessons,,,./downloads\How to draw.mp4,
https://locals.com/scottadams/feed?post=60600,Episode 995 Micro Lesson,"Micro Lesson - Extract from Episode 995
The #GoldenAge of Education That is Coming",2026-03-18T14:22:07.221077+00:00,downloaded,0,,Micro Lessons,,,./downloads\Episode 995 Micro Lesson.mp4,
https://locals.com/scottadams/feed?post=60136,A micro lesson on Design,"I give you a short lesson on how to be a better designer of anything from websites to photography to art to slide decks. These days, we are all designers of one thing or another.",2026-03-18T14:28:24.633762+00:00,downloaded,0,,Micro Lessons,,,./downloads\A micro lesson on Design.mp4,
https://locals.com/scottadams/feed?post=59631,Micro Lesson (Extract from Ep. 989),Micro Lesson: How to Find Meaning For Your Life,2026-03-18T14:34:43.382340+00:00,downloaded,0,,Micro Lessons,,,./downloads\Micro Lesson (Extract from Ep. 989).mp4,
https://locals.com/scottadams/feed?post=59489,How to talk to strangers,I give you a micro lesson (my best yet) on how to talk to strangers and be a good conversationalist.,2026-03-18T14:41:15.086502+00:00,downloaded,0,,Micro Lessons,,,./downloads\How to talk to strangers.mp4,
https://locals.com/scottadams/feed?post=59429,How to clean a bong,"Yes, I realize not many of you want to learn how to clean a bong, but you might appreciate the ingenuity in this micro lesson.",2026-03-18T14:47:22.667541+00:00,downloaded,0,,Micro Lessons,,,./downloads\How to clean a bong.mp4,
https://locals.com/scottadams/feed?post=59051,Micro Lesson From Episode 985,Micro Lesson - Job Interview Tips,2026-03-18T14:53:34.623758+00:00,downloaded,0,,Micro Lessons,,,./downloads\Micro Lesson From Episode 985.mp4,
https://locals.com/scottadams/feed?post=58606,Extracted From Episode 983,Micro Lesson on How to Get Lucky,2026-03-18T14:59:52.983837+00:00,downloaded,0,,Micro Lessons,,,./downloads\Extracted From Episode 983.mp4,
https://locals.com/scottadams/feed?post=58242,A Micro Lesson on How to Smoke Marijuana,"For anyone who is not already a marijuana smoker and is curious about what it looks like up close, this might answer some questions.",2026-03-18T15:06:12.215259+00:00,downloaded,0,,Micro Lessons,,,./downloads\A Micro Lesson on How to Smoke Marijuana.mp4,
https://locals.com/scottadams/feed?post=58202,How to create a Dilbert comic,A micro lesson on how a Sunday Dilbert comics starts out,2026-03-18T15:12:15.951425+00:00,downloaded,0,,Micro Lessons,,,./downloads\How to create a Dilbert comic.mp4,
https://locals.com/scottadams/feed?post=57998,How to video conference or livestream right,"I give a micro lesson on how to get your position, lighting, and sound right when doing video conferencing or livestreaming.",2026-03-18T15:18:25.227249+00:00,downloaded,0,,Micro Lessons,,,./downloads\How to video conference or livestream right.mp4,
https://locals.com/scottadams/feed?post=57579,Episode 975 Scott Adams,A Micro Lesson - Systems Versus Goals for Creators,2026-03-18T15:24:42.631868+00:00,downloaded,0,,Micro Lessons,,,./downloads\Episode 975 Scott Adams.mp4,
https://locals.com/scottadams/feed?post=56998,Affirmations Episode 971 Scott Adams,A Micro Lesson on Affirmations. Can You Program Your,2026-03-18T15:31:21.594677+00:00,downloaded,0,,Micro Lessons,,,./downloads\Affirmations Episode 971 Scott Adams.mp4,
https://locals.com/scottadams/feed?post=56257,Episode 965 Scott Adams,A micro lesson on the User Interface for reality.,2026-03-18T15:37:56.289089+00:00,downloaded,0,,Micro Lessons,,,./downloads\Episode 965 Scott Adams.mp4,
https://locals.com/scottadams/feed?post=55641,How to pet a cat,A micro lesson on proper cat-petting technique.,2026-03-18T15:44:01.737878+00:00,downloaded,0,,Micro Lessons,,,./downloads\How to pet a cat.mp4,
https://locals.com/scottadams/feed?post=55153,Personal Finance Micro Lesson,A micro lesson on personal finance for my Locals subscribers.,2026-03-18T15:50:34.090624+00:00,downloaded,0,,Micro Lessons,,,./downloads\Personal Finance Micro Lesson.mp4,
https://locals.com/scottadams/feed?post=53759,How to Write Humor,A micro lesson on the six dimensions of writing humor.,2026-03-18T15:56:48.391503+00:00,downloaded,0,,Micro Lessons,,,./downloads\How to Write Humor.mp4,
https://locals.com/scottadams/feed?post=53045,A Public Service Announcement about Fake News,A micro lesson on avoiding fake news. In my pajamas. In my garage.,2026-03-18T16:02:54.360819+00:00,downloaded,0,,Micro Lessons,,,./downloads\A Public Service Announcement about Fake News.mp4,
https://locals.com/scottadams/feed?post=51527,Learn how to moonwalk (badly),A micro lesson on Moonwalking that is more about the illusion than the dancing.,2026-03-18T16:09:08.519084+00:00,downloaded,0,,Micro Lessons,,,./downloads\Learn how to moonwalk (badly).mp4,
https://locals.com/scottadams/feed?post=701174,A Micro Lesson on how to make friends,Locals makes it simple for creators to start a subscription based community and make money directly from their supports.,2026-03-18T21:20:49.320239+00:00,downloaded,0,,Micro Lessons,,,./downloads\A Micro Lesson on how to make friends [post=701174].mp4,
https://locals.com/scottadams/feed?post=627905,A Micro Lesson on spotting Cognitive Dissonance,With a personal anecdote about CNN to demonstrate my point.,2026-03-18T21:23:07.161743+00:00,downloaded,0,,Micro Lessons,,,./downloads\A Micro Lesson on spotting Cognitive Dissonance [post=627905].mp4,
https://locals.com/scottadams/feed?post=2401873,A Micro Lesson on levels of awareness,Locals makes it simple for creators to start a subscription based community and make money directly from their supports.,2026-03-18T21:25:32.537236+00:00,downloaded,0,,Micro Lessons,,,./downloads\A Micro Lesson on levels of awareness [post=2401873].mp4,
